School Name,Student Count,"Standardized Test required? (1:Required, 2:Recommended, 3:Neither required nor recommended , 4:Do not know, 5: Considered but not required)",Admission Rate,4Yr Uni Completion Rates,% White Students,% Hispanic Students,% Black Students,% AIAN Students,% Female Students,% Male Students
Alabama A & M University,5098.0,5.0,71.6,28.07,1.8399999999999999,1.1400000000000001,89.78,0.27,59.4,40.6
University of Alabama at Birmingham,13284.0,5.0,88.53999999999999,62.45,52.96999999999999,6.69,24.58,0.21,62.1,37.9
Amridge University,251.0,0.0,0.0,44.440000000000005,24.7,4.38,69.32000000000001,0.0,68.53,31.47
University of Alabama in Huntsville,7358.0,1.0,73.67,60.72,71.96000000000001,6.1,8.709999999999999,0.8,40.47,59.53000000000001
Alabama State University,3495.0,5.0,97.99,28.43,1.52,1.29,92.58999999999999,0.16999999999999998,64.95,35.05
The University of Alabama,30725.0,5.0,78.9,72.23,76.75999999999999,5.489999999999999,10.5,0.37,56.15,43.85
Central Alabama Community College,940.0,0.0,0.0,0.0,72.45,2.87,19.470000000000002,0.21,60.85,39.15
Athens State University,2511.0,0.0,0.0,0.0,76.34,4.26,12.43,1.31,70.49,29.509999999999998
Auburn University at Montgomery,3742.0,1.0,96.8,35.69,41.29,1.31,44.87,0.4,66.86,33.14
Auburn University,24782.0,2.0,71.17999999999999,80.88,81.81,3.82,4.61,0.27,49.53,50.470000000000006
Birmingham-Southern College,1048.0,5.0,65.91,69.84,72.89999999999999,5.7299999999999995,16.03,0.38,51.05,48.949999999999996
Chattahoochee Valley Community College,1107.0,0.0,0.0,0.0,34.06,6.41,48.33,0.18,65.94,34.06
South University-Montgomery,337.0,0.0,0.0,10.71,25.82,2.37,68.84,0.0,84.57000000000001,15.43
Enterprise State Community College,1336.0,0.0,0.0,0.0,61.980000000000004,5.84,19.91,0.75,47.23,52.769999999999996
Coastal Alabama Community College,5217.0,0.0,0.0,0.0,63.959999999999994,3.39,23.75,1.55,64.08,35.92
Faulkner University,1696.0,5.0,64.60000000000001,18.509999999999998,45.989999999999995,3.18,41.33,0.18,57.13,42.870000000000005
Gadsden State Community College,3513.0,0.0,0.0,0.0,68.12,6.03,20.24,0.26,62.53999999999999,37.46
New Beginning College of Cosmetology,57.0,0.0,0.0,0.0,84.21,15.790000000000001,0.0,0.0,96.49,3.51
George C Wallace Community College-Dothan,3191.0,0.0,0.0,0.0,55.44,5.33,32.31,0.25,70.23,29.770000000000003
George C Wallace State Community College-Hanceville,4303.0,0.0,0.0,0.0,79.80000000000001,7.85,7.340000000000001,0.6,67.67,32.33
George C Wallace State Community College-Selma,942.0,0.0,0.0,0.0,16.45,1.38,78.34,0.0,66.77,33.23
Herzing University-Birmingham,608.0,3.0,93.85,39.129999999999995,30.59,2.63,61.51,0.16,76.64,23.36
Huntingdon College,838.0,5.0,69.3,44.22,65.99000000000001,6.32,20.169999999999998,0.48,44.87,55.13
Heritage Christian University,71.0,0.0,0.0,0.0,88.73,4.2299999999999995,5.63,0.0,11.27,88.73
J. F. Drake State Community and Technical College,688.0,0.0,0.0,0.0,22.53,3.49,66.86,1.31,58.14,41.86
J F Ingram State Technical College,400.0,0.0,0.0,0.0,43.5,1.0,54.75,0.0,24.25,75.75
Jacksonville State University,6992.0,5.0,76.34,49.66,62.6,0.37,25.41,0.54,60.77,39.23
Jefferson State Community College,6143.0,0.0,0.0,0.0,59.81999999999999,6.98,25.590000000000003,0.21,64.4,35.6
John C Calhoun State Community College,6795.0,0.0,0.0,0.0,62.35000000000001,8.459999999999999,18.12,1.32,56.79,43.21
Lawson State Community College,2779.0,0.0,0.0,0.0,12.23,3.38,80.35,0.13999999999999999,66.17,33.83
University of West Alabama,2310.0,1.0,74.33,39.14,44.72,2.25,38.66,1.17,69.57,30.43
Lurleen B Wallace Community College,1129.0,0.0,0.0,0.0,68.11,2.5700000000000003,24.36,0.44,65.10000000000001,34.9
Marion Military Institute,314.0,1.0,45.35,0.0,59.550000000000004,7.32,21.34,0.96,26.11,73.89
Miles College,1517.0,0.0,0.0,23.880000000000003,3.4299999999999997,0.9199999999999999,94.26,0.06999999999999999,53.39,46.61
University of Mobile,1112.0,2.0,64.09,51.41,64.48,0.36,15.920000000000002,2.25,65.64999999999999,34.35
University of Montevallo,2184.0,5.0,90.09,51.7,66.8,6.0,16.939999999999998,0.32,63.92,36.08
Northwest-Shoals Community College,2095.0,0.0,0.0,0.0,74.37,8.93,11.690000000000001,0.67,62.91,37.09
University of North Alabama,5165.0,2.0,89.97,51.21,73.44000000000001,4.26,12.1,0.52,63.63999999999999,36.36
Northeast Alabama Community College,1565.0,0.0,0.0,0.0,72.65,14.82,2.56,1.66,67.28,32.72
Oakwood University,1353.0,2.0,71.85000000000001,49.11,0.15,8.28,80.04,0.15,56.61000000000001,43.39
Reid State Technical College,254.0,0.0,0.0,0.0,30.709999999999997,1.18,65.75,0.0,64.96,35.04
Bishop State Community College,1885.0,0.0,0.0,0.0,21.59,2.92,67.27,0.58,67.47999999999999,32.519999999999996
Samford University,3604.0,5.0,83.87,78.91,85.13,4.02,6.02,0.11,66.7,33.300000000000004
Shelton State Community College,4018.0,0.0,0.0,0.0,51.42,3.29,41.24,0.4,61.31999999999999,38.68
Snead State Community College,1537.0,0.0,0.0,0.0,69.16,17.57,6.7,0.33,62.78,37.22
University of South Alabama,8631.0,1.0,70.78,47.410000000000004,60.129999999999995,4.67,22.33,0.66,61.29,38.71
Spring Hill College,989.0,5.0,71.52,56.38999999999999,62.89,8.49,14.05,0.61,58.540000000000006,41.46
Stillman College,721.0,3.0,75.8,14.66,5.96,0.5499999999999999,92.78999999999999,0.5499999999999999,56.589999999999996,43.41
Talladega College,1144.0,0.0,0.0,24.58,2.97,4.63,84.44,0.26,50.7,49.3
H Councill Trenholm State Community College,1522.0,0.0,0.0,0.0,18.27,3.2199999999999998,73.98,0.26,60.45,39.550000000000004
Troy University,10916.0,1.0,95.27,51.83,52.96999999999999,4.53,32.690000000000005,0.29,65.01,34.99
Tuskegee University,2184.0,1.0,34.2,56.97,0.7799999999999999,0.41000000000000003,90.93,0.41000000000000003,62.63999999999999,37.36
United States Sports Academy,68.0,3.0,100.0,0.0,48.53,13.239999999999998,22.06,1.47,26.47,73.53
Bevill State Community College,2291.0,0.0,0.0,0.0,73.24000000000001,2.71,18.55,0.13,63.160000000000004,36.84
University of Alaska Anchorage,7284.0,2.0,69.05,30.470000000000002,49.419999999999995,10.01,3.39,5.63,60.629999999999995,39.37
Alaska Bible College,37.0,0.0,0.0,50.0,89.19,0.0,2.7,0.0,32.43,67.57
University of Alaska Fairbanks,4108.0,1.0,64.69,38.45,52.410000000000004,8.59,3.6999999999999997,14.46,59.08,40.92
University of Alaska Southeast,999.0,2.0,56.25,30.34,56.26,8.01,0.8999999999999999,12.21,68.17,31.830000000000002
Alaska Pacific University,347.0,3.0,96.03,22.220000000000002,30.55,10.37,3.17,23.34,77.81,22.189999999999998
Alaska Vocational Technical Center,259.0,0.0,0.0,0.0,48.65,2.32,0.38999999999999996,24.709999999999997,25.480000000000004,74.52
Charter College,2215.0,0.0,0.0,51.99,37.38,13.59,5.19,10.25,74.27,25.729999999999997
Alaska Career College,317.0,0.0,0.0,0.0,31.86,9.15,9.15,18.61,86.75,13.25
Empire Beauty School-Tucson,138.0,0.0,0.0,0.0,23.189999999999998,49.28,8.7,0.72,96.38,3.62
Carrington College-Phoenix North,1281.0,0.0,0.0,0.0,21.08,54.33,8.98,4.06,79.55,20.45
Carrington College-Mesa,591.0,0.0,0.0,0.0,26.900000000000002,43.82,7.95,8.97,88.83,11.17
Carrington College-Tucson,517.0,0.0,0.0,0.0,18.57,63.06,7.739999999999999,1.7399999999999998,84.53,15.47
Arizona Academy of Beauty,48.0,0.0,0.0,0.0,25.0,47.92,12.5,2.08,93.75,6.25
Miller-Motte College-Arizona Automotive Institute,398.0,0.0,0.0,0.0,29.9,38.940000000000005,12.809999999999999,11.559999999999999,9.8,90.2
Brookline College-Phoenix,1000.0,0.0,0.0,57.85,26.1,30.2,12.7,5.7,87.7,12.3
Arizona State University Campus Immersion,64216.0,3.0,88.19,66.02,46.37,26.200000000000003,4.3999999999999995,1.1400000000000001,49.68,50.32
Arizona Western College,7388.0,0.0,0.0,0.0,11.74,69.13,1.1900000000000002,0.95,58.809999999999995,41.19
University of Arizona,36560.0,5.0,87.27000000000001,64.34,49.63,28.42,4.06,1.28,56.02,43.980000000000004
Central Arizona College,4388.0,0.0,0.0,0.0,40.88,37.31,6.239999999999999,3.6700000000000004,63.129999999999995,36.870000000000005
Charles of Italy Beauty College,56.0,0.0,0.0,0.0,60.709999999999994,19.64,1.79,5.36,94.64,5.36
Cochise County Community College District,2922.0,0.0,0.0,0.0,35.97,49.419999999999995,5.3,0.89,58.209999999999994,41.79
Empire Beauty School-Chandler,43.0,0.0,0.0,0.0,30.23,11.63,25.580000000000002,2.33,95.35,4.65
Avalon Institute-Mesa,377.0,0.0,0.0,0.0,37.93,37.93,11.41,2.39,97.08,2.92
Eastern Arizona College,3187.0,0.0,0.0,0.0,61.529999999999994,22.939999999999998,2.1,6.239999999999999,59.27,40.73
Embry-Riddle Aeronautical University-Prescott,3015.0,5.0,73.76,69.89999999999999,58.64,15.160000000000002,2.02,0.63,26.669999999999998,73.33
The School of Architecture,0.0,0.0,0.0,0.0,0.0,0.0,0.0,0.0,0.0,0.0
Glendale Community College,10528.0,0.0,0.0,0.0,37.49,42.199999999999996,6.660000000000001,1.3599999999999999,56.18,43.82
Grand Canyon University,64210.0,2.0,82.84,44.74,48.55,23.02,14.99,0.95,70.77,29.23
GateWay Community College,3691.0,0.0,0.0,0.0,28.499999999999996,47.870000000000005,10.84,3.2199999999999998,67.0,33.0
Mesa Community College,12167.0,0.0,0.0,0.0,44.519999999999996,33.6,5.93,3.4099999999999997,54.06999999999999,45.93
Mohave Community College,2622.0,0.0,0.0,0.0,64.72,24.75,1.3299999999999998,2.06,69.67999999999999,30.320000000000004
Universal Technical Institute of Arizona Inc-Motorcycle Mechanics Institute Division,779.0,0.0,0.0,0.0,60.980000000000004,15.28,4.88,2.18,6.800000000000001,93.2
Dine College,1224.0,0.0,0.0,5.88,0.8999999999999999,0.33,0.25,97.96000000000001,76.47,23.53
Northern Arizona University,23772.0,2.0,78.35,59.0,56.02,26.08,3.09,2.83,63.54,36.46
Northland Pioneer College,1124.0,0.0,0.0,0.0,42.35,12.01,0.09,38.879999999999995,69.04,30.959999999999997
Ottawa University-Phoenix,348.0,0.0,0.0,0.0,48.559999999999995,31.319999999999997,7.180000000000001,2.01,75.57000000000001,24.43
Phoenix College,6674.0,0.0,0.0,0.0,22.06,56.410000000000004,9.47,2.5,66.06,33.94
Pima Community College,13128.0,0.0,0.0,0.0,35.370000000000005,49.11,4.91,1.97,58.91,41.089999999999996
Pima Medical Institute-Tucson,2485.0,0.0,0.0,66.51,35.13,39.11,8.61,2.25,81.97,18.029999999999998
Pima Medical Institute-Albuquerque,782.0,0.0,0.0,0.0,16.619999999999997,48.72,2.0500000000000003,21.740000000000002,83.89,16.11
Prescott College,383.0,3.0,99.32,40.0,67.89,4.44,2.87,2.35,65.53999999999999,34.46
Refrigeration School Inc,1007.0,0.0,0.0,0.0,34.56,32.97,10.530000000000001,15.590000000000002,7.249999999999999,92.75
Rio Salado College,3824.0,0.0,0.0,0.0,46.03,31.540000000000003,10.15,1.9900000000000002,64.25,35.75
Roberto-Venn School of Luthiery,12.0,0.0,0.0,0.0,91.67,0.0,0.0,0.0,0.0,100.0
Scottsdale Community College,4764.0,0.0,0.0,0.0,52.669999999999995,26.55,5.1,4.32,57.35,42.65
South Mountain Community College,2395.0,0.0,0.0,0.0,14.95,57.54,14.57,3.55,59.29,40.71
Arizona Christian University,1012.0,5.0,75.94,35.83,46.339999999999996,28.060000000000002,10.67,1.48,38.74,61.260000000000005
Universal Technical Institute of Arizona Inc,1995.0,0.0,0.0,0.0,26.919999999999998,21.349999999999998,2.41,3.8600000000000003,4.41,95.59
Yavapai College,4004.0,0.0,0.0,0.0,62.160000000000004,21.45,1.25,2.4,60.14000000000001,39.86
University of Arkansas at Little Rock,5025.0,1.0,57.69,39.879999999999995,49.17,2.8899999999999997,25.21,0.9199999999999999,64.16,35.839999999999996
University of Arkansas for Medical Sciences,1072.0,0.0,0.0,0.0,64.27000000000001,8.49,11.85,0.27999999999999997,85.45,14.549999999999999
Arkansas Baptist College,414.0,0.0,0.0,9.17,8.21,3.38,79.71000000000001,0.24,21.740000000000002,78.25999999999999
Arkansas Beauty School-Little Rock,28.0,0.0,0.0,0.0,21.43,21.43,57.14,0.0,92.86,7.140000000000001
Arkansas Beauty College,33.0,0.0,0.0,0.0,75.76,18.18,3.0300000000000002,0.0,100.0,0.0
Lyon College,576.0,5.0,27.21,45.540000000000006,57.47,9.55,6.419999999999999,1.04,41.15,58.85
Arkansas Technical School,62.0,0.0,0.0,0.0,11.29,3.2300000000000004,85.48,0.0,24.19,75.81
Arthur's Beauty College,25.0,0.0,0.0,0.0,76.0,8.0,12.0,4.0,96.0,4.0
University of Arkansas,24001.0,1.0,82.67,69.67999999999999,73.87,10.39,4.46,0.77,56.08,43.919999999999995
University of Arkansas at Pine Bluff,2444.0,1.0,67.53,40.75,2.86,2.21,90.42999999999999,0.53,59.12,40.88
Arkansas State University-Beebe,1787.0,0.0,0.0,0.0,84.28,5.26,5.71,0.5,63.46000000000001,36.54
Arkansas State University,7478.0,1.0,63.29,53.839999999999996,71.13000000000001,4.44,14.000000000000002,0.27999999999999997,62.72,37.28
Arkansas Tech University,6467.0,2.0,94.37,45.78,72.99,9.71,7.21,0.76,55.900000000000006,44.1
University of Arkansas at Monticello,1946.0,0.0,0.0,33.01,52.059999999999995,7.04,29.29,0.15,58.53,41.47
Arthur's Beauty College,38.0,0.0,0.0,0.0,68.42,2.63,28.95,0.0,100.0,0.0
Baptist Health College Little Rock,666.0,1.0,0.0,0.0,59.61,6.460000000000001,28.83,0.44999999999999996,87.83999999999999,12.16
Black River Technical College,1068.0,0.0,0.0,0.0,89.79,3.65,3.09,0.09,68.26,31.740000000000002
University of Central Arkansas,7763.0,5.0,92.36999999999999,49.4,65.71000000000001,6.419999999999999,16.71,0.3,61.57,38.43
Central Baptist College,546.0,1.0,61.6,38.89,61.9,9.71,15.75,1.28,45.24,54.76
Cossatot Community College of the University of Arkansas,858.0,0.0,0.0,0.0,52.1,26.810000000000002,15.15,1.05,69.11,30.89
Crowley's Ridge College,170.0,0.0,0.0,23.080000000000002,77.64999999999999,1.18,19.41,0.0,44.12,55.879999999999995
East Arkansas Community College,606.0,0.0,0.0,0.0,48.84,2.31,44.72,0.33,72.44,27.560000000000002
Eastern College of Health Vocations-Little Rock,62.0,0.0,0.0,0.0,16.13,3.2300000000000004,80.65,0.0,98.39,1.6099999999999999
Paul Mitchell the School-Little Rock,330.0,0.0,0.0,0.0,60.3,9.700000000000001,22.73,3.64,93.64,6.36
National Park College,1903.0,0.0,0.0,0.0,71.83,11.559999999999999,11.61,1.63,62.11,37.89
University of Arkansas Community College-Batesville,698.0,0.0,0.0,0.0,81.95,8.02,2.58,0.72,69.77,30.23
Harding University,3262.0,1.0,54.14,67.17,79.61,3.8899999999999997,5.1499999999999995,0.37,55.82,44.18
Henderson State University,2205.0,1.0,75.01,37.2,64.53999999999999,6.529999999999999,17.549999999999997,0.27,52.739999999999995,47.260000000000005
Hendrix College,1103.0,5.0,68.30000000000001,72.89,68.89999999999999,9.43,7.5200000000000005,0.54,51.129999999999995,48.870000000000005
Hot Springs Beauty College,85.0,0.0,0.0,0.0,80.0,4.71,14.12,0.0,96.47,3.53
Jefferson Regional School of Nursing,66.0,0.0,0.0,0.0,63.63999999999999,6.0600000000000005,30.3,0.0,87.88,12.120000000000001
John Brown University,1381.0,5.0,52.87,70.39,71.47,7.6,1.52,1.59,59.809999999999995,40.19
Career Academy of Hair Design,196.0,0.0,0.0,0.0,65.31,18.88,9.69,5.609999999999999,98.98,1.02
Academy of Salon and Spa,53.0,0.0,0.0,0.0,67.92,13.209999999999999,7.55,7.55,100.0,0.0
Arkansas State University Mid-South,525.0,0.0,0.0,0.0,34.1,5.140000000000001,54.1,0.38,65.14,34.86
Arkansas Northeastern College,786.0,0.0,0.0,0.0,60.050000000000004,5.09,32.95,0.38,65.78,34.22
New Tyler Barber College Inc,33.0,0.0,0.0,0.0,0.0,3.0300000000000002,96.97,0.0,33.33,66.67
North Arkansas College,1161.0,0.0,0.0,0.0,82.0,8.01,2.41,0.09,62.019999999999996,37.980000000000004
Northwest Technical Institute,155.0,0.0,0.0,0.0,47.099999999999994,36.13,3.2300000000000004,1.29,31.61,68.39
Ouachita Baptist University,1572.0,3.0,73.75,66.75,79.64,5.7299999999999995,7.76,0.25,57.379999999999995,42.620000000000005
Arkansas State University Three Rivers,424.0,0.0,0.0,0.0,63.21,5.66,24.060000000000002,0.24,71.93,28.07
Ozarka College,627.0,0.0,0.0,0.0,95.22,1.59,1.59,0.8,75.44,24.560000000000002
University of the Ozarks,775.0,5.0,55.37,48.8,41.29,13.03,5.42,0.8999999999999999,52.65,47.349999999999994
University of Arkansas Community College-Morrilton,1586.0,2.0,100.0,0.0,72.13000000000001,11.03,8.450000000000001,0.19,62.739999999999995,37.26
Philander Smith College,709.0,0.0,0.0,28.24,0.27999999999999997,1.41,90.41,0.0,63.89,36.11
Phillips Community College of the University of Arkansas,611.0,0.0,0.0,0.0,39.77,2.9499999999999997,55.32,0.16,69.07,30.930000000000003
Southeast Arkansas College,808.0,0.0,0.0,0.0,19.43,22.03,56.68,0.25,73.50999999999999,26.490000000000002
Professional Cosmetology Education Center,37.0,0.0,0.0,0.0,56.76,2.7,37.84,0.0,100.0,0.0
University of Arkansas-Pulaski Technical College,4110.0,0.0,0.0,0.0,41.870000000000005,6.69,39.0,0.36,66.59,33.410000000000004
University of Arkansas Hope-Texarkana,760.0,0.0,0.0,0.0,54.339999999999996,10.0,32.76,0.13,75.0,25.0
University of Arkansas Community College Rich Mountain,529.0,0.0,0.0,0.0,76.37,9.64,2.8400000000000003,2.27,62.0,38.0
Paul Mitchell the School-Arkansas,118.0,0.0,0.0,0.0,80.51,12.709999999999999,3.39,3.39,98.31,1.69
Searcy Beauty College,84.0,0.0,0.0,0.0,85.71,3.5700000000000003,8.33,1.1900000000000002,98.81,1.1900000000000002
Shorter College,245.0,0.0,0.0,0.0,20.41,1.22,76.73,0.41000000000000003,69.39,30.61
Williams Baptist University,593.0,1.0,64.1,31.75,75.38,3.37,10.459999999999999,0.51,51.43,48.57
South Arkansas Community College,889.0,0.0,0.0,0.0,50.96000000000001,5.62,37.68,0.22,72.55,27.450000000000003
Southern Arkansas University Main Campus,2795.0,1.0,62.6,40.08,60.97,5.04,21.14,0.29,55.559999999999995,44.440000000000005
Southern Arkansas University Tech,725.0,0.0,0.0,0.0,47.03,4.41,42.21,0.13999999999999999,54.339999999999996,45.660000000000004
Velvatex College of Beauty Culture,15.0,0.0,0.0,0.0,0.0,0.0,100.0,0.0,100.0,0.0
University of Arkansas-Fort Smith,4188.0,0.0,0.0,26.290000000000003,60.86,15.379999999999999,3.75,2.36,60.699999999999996,39.300000000000004
Academy of Art University,5294.0,0.0,0.0,38.019999999999996,20.549999999999997,14.6,9.5,0.44999999999999996,56.57,43.43
Academy of Chinese Culture and Health Sciences,0.0,0.0,0.0,0.0,0.0,0.0,0.0,0.0,0.0,0.0
College of Alameda,3629.0,0.0,0.0,0.0,17.69,25.080000000000002,18.3,0.08,57.010000000000005,42.99
Allan Hancock College,7389.0,0.0,0.0,0.0,21.37,67.07,2.02,0.35000000000000003,55.510000000000005,44.49
American Academy of Dramatic Arts-Los Angeles,217.0,3.0,90.27,0.0,41.010000000000005,12.44,9.22,0.9199999999999999,54.84,45.16
Berkeley School of Theology,0.0,0.0,0.0,0.0,0.0,0.0,0.0,0.0,0.0,0.0
American Film Institute Conservatory,0.0,0.0,0.0,0.0,0.0,0.0,0.0,0.0,0.0,0.0
American Beauty College,185.0,0.0,0.0,0.0,12.43,75.68,1.6199999999999999,1.08,71.35000000000001,28.65
American Career College-Los Angeles,1902.0,0.0,0.0,0.0,7.199999999999999,61.46,13.350000000000001,0.53,79.13,20.87
American Conservatory Theater,1.0,3.0,0.0,100.0,100.0,0.0,0.0,0.0,0.0,100.0
American River College,22837.0,0.0,0.0,0.0,39.519999999999996,28.04,7.01,0.5700000000000001,51.88,48.120000000000005
Antelope Valley Community College District,9670.0,0.0,0.0,28.88,16.400000000000002,61.260000000000005,12.23,0.22999999999999998,58.209999999999994,41.79
Art Center College of Design,2026.0,3.0,75.56,75.86,11.600000000000001,9.08,1.43,0.05,58.34,41.660000000000004
Associated Technical College-Los Angeles,180.0,0.0,0.0,0.0,17.78,44.440000000000005,30.56,1.11,71.11,28.89
Associated Technical College-San Diego,43.0,0.0,0.0,0.0,34.88,46.51,11.63,0.0,18.6,81.39999999999999
Azusa Pacific University,3937.0,5.0,94.1,71.50999999999999,30.23,37.19,6.25,0.33,68.28,31.72
Bakersfield College,16900.0,0.0,0.0,20.61,20.02,65.4,5.09,0.3,55.779999999999994,44.22
Barstow Community College,2071.0,0.0,0.0,0.0,23.76,46.5,16.85,0.8699999999999999,69.53,30.470000000000002
Bellus Academy-Chula Vista,406.0,0.0,0.0,0.0,9.11,59.36,15.02,0.49,84.48,15.52
Bethesda University,264.0,0.0,0.0,15.25,5.680000000000001,20.080000000000002,12.120000000000001,1.1400000000000001,22.73,77.27000000000001
Biola University,3592.0,5.0,60.77,69.94,43.65,20.599999999999998,3.17,0.25,62.0,38.0
Brownson Technical School,241.0,0.0,0.0,0.0,17.43,63.9,5.81,0.0,0.41000000000000003,99.59
Bryan University,1361.0,0.0,0.0,30.470000000000002,43.28,7.71,19.689999999999998,1.91,71.05,28.95
Butte College,8579.0,0.0,0.0,0.0,50.51,31.180000000000003,2.52,1.08,56.56,43.44
California Institute of Integral Studies,84.0,0.0,0.0,0.0,52.38,13.100000000000001,10.71,0.0,80.95,19.05
Cabrillo College,8035.0,0.0,0.0,0.0,40.21,48.64,1.0699999999999998,0.13999999999999999,58.330000000000005,41.67
California Baptist University,8234.0,3.0,63.73,56.74,35.15,39.18,6.64,0.5499999999999999,63.49,36.51
California College of the Arts,1239.0,3.0,77.63,65.42,17.76,14.610000000000001,4.04,0.0,63.6,36.4
University of California-Hastings College of Law,0.0,0.0,0.0,0.0,0.0,0.0,0.0,0.0,0.0,0.0
California Institute of Technology,987.0,1.0,3.92,92.92,22.7,22.29,2.53,0.1,44.68,55.32
California Lutheran University,2588.0,5.0,81.94,73.78,39.489999999999995,39.18,3.9,0.22999999999999998,53.28000000000001,46.72
California Polytechnic State University-San Luis Obispo,21090.0,3.0,33.0,85.39,53.02,19.439999999999998,0.69,0.12,48.72,51.28
Alliant International University-San Diego,227.0,3.0,100.0,9.09,22.03,27.310000000000002,3.9600000000000004,0.0,67.4,32.6
California State University-Bakersfield,8870.0,3.0,85.21,47.56,13.930000000000001,63.62,4.16,0.3,65.64999999999999,34.35
California State University-Stanislaus,9161.0,3.0,94.76,57.620000000000005,18.59,58.84,2.0500000000000003,0.19,67.07,32.93
California State University-San Bernardino,16595.0,3.0,90.97,56.96,10.83,68.97,4.78,0.13999999999999999,62.55,37.45
California State Polytechnic University-Pomona,26802.0,3.0,60.62,70.17999999999999,14.11,50.32,2.93,0.11,46.379999999999995,53.620000000000005
California State University-Chico,14343.0,3.0,85.47,65.36999999999999,42.93,36.55,2.77,0.43,54.510000000000005,45.49
California State University-Dominguez Hills,15214.0,3.0,89.59,52.53,5.1499999999999995,67.44,10.97,0.13,63.09,36.91
California State University-Fresno,21826.0,3.0,97.28,56.57,16.7,57.940000000000005,2.9000000000000004,0.32,60.199999999999996,39.800000000000004
California State University-Fullerton,35502.0,3.0,59.43000000000001,71.47,16.33,48.949999999999996,1.97,0.06999999999999999,58.84,41.160000000000004
California State University-East Bay,12047.0,3.0,82.36,48.44,14.89,38.34,9.29,0.12,60.150000000000006,39.85
California State University-Long Beach,33765.0,3.0,46.85,75.47,15.909999999999998,46.83,3.6799999999999997,0.09,57.730000000000004,42.27
California State University-Los Angeles,23506.0,3.0,90.53999999999999,51.9,4.390000000000001,71.99,3.73,0.11,59.38,40.62
California State University-Northridge,34436.0,3.0,88.1,54.2,20.18,53.849999999999994,4.68,0.08,54.949999999999996,45.050000000000004
California State University-Sacramento,29370.0,3.0,93.67999999999999,57.46,23.799999999999997,36.42,6.36,0.22999999999999998,57.19,42.809999999999995
University of California-Berkeley,31811.0,3.0,14.44,92.81,20.72,19.8,2.13,0.11,54.6,45.4
University of California-Davis,31637.0,3.0,48.75,86.94,21.36,23.65,1.94,0.06999999999999999,60.17,39.83
University of California-Irvine,29438.0,3.0,28.82,83.67,13.3,25.82,2.1,0.09,54.6,45.4
University of California-Los Angeles,32122.0,3.0,10.77,92.13,26.229999999999997,21.69,3.2,0.16,59.77,40.23
University of California-Riverside,22817.0,3.0,65.38000000000001,76.44999999999999,11.219999999999999,40.69,3.3099999999999996,0.1,52.99,47.010000000000005
University of California-San Diego,33339.0,3.0,34.2,89.35,18.970000000000002,21.959999999999997,1.63,0.09,51.29,48.71
University of California-San Francisco,0.0,0.0,0.0,0.0,0.0,0.0,0.0,0.0,0.0,0.0
University of California-Santa Barbara,23081.0,3.0,29.18,85.38,31.86,25.41,1.77,0.1,56.169999999999995,43.830000000000005
University of California-Santa Cruz,17864.0,3.0,58.64,78.09,31.45,27.860000000000003,1.94,0.1,47.83,52.17
Sofia University,8.0,0.0,0.0,0.0,50.0,0.0,0.0,0.0,75.0,25.0
California Beauty School,63.0,0.0,0.0,0.0,25.4,52.38,0.0,4.760000000000001,100.0,0.0
California Christian College,14.0,2.0,100.0,0.0,28.57,28.57,14.29,0.0,28.57,71.43
Haven University,22.0,0.0,0.0,100.0,0.0,4.55,18.18,0.0,59.089999999999996,40.910000000000004
California Hair Design Academy,94.0,0.0,0.0,0.0,28.720000000000002,41.49,9.569999999999999,0.0,77.66,22.34
California Institute of the Arts,959.0,3.0,28.98,71.93,37.54,13.76,3.8600000000000003,0.42,58.29,41.71
California State University Maritime Academy,880.0,3.0,82.09,68.17999999999999,46.14,22.16,2.8400000000000003,0.5700000000000001,19.32,80.67999999999999
California Western School of Law,0.0,0.0,0.0,0.0,0.0,0.0,0.0,0.0,0.0,0.0
Canada College,3859.0,0.0,0.0,0.0,24.33,40.06,2.15,0.1,61.53999999999999,38.46
College of the Canyons,13371.0,0.0,0.0,0.0,27.279999999999998,51.88,4.95,0.15,51.22,48.78
Career Academy of Beauty,194.0,0.0,0.0,0.0,31.96,46.39,3.09,2.58,97.42,2.58
Casa Loma College-Los Angeles,246.0,3.0,100.0,62.07,27.24,53.25,2.03,1.22,60.980000000000004,39.019999999999996
CET-San Diego,198.0,0.0,0.0,0.0,15.659999999999998,41.92,7.580000000000001,0.51,20.200000000000003,79.80000000000001
CET-San Jose,176.0,0.0,0.0,0.0,5.680000000000001,75.0,5.11,0.0,23.86,76.14
CET-El Centro,159.0,0.0,0.0,0.0,0.63,98.11,0.0,0.0,25.790000000000003,74.21
CET-Colton,135.0,0.0,0.0,0.0,13.33,71.11,10.37,0.74,14.81,85.19
CET-Watsonville,90.0,0.0,0.0,0.0,2.22,94.44,3.3300000000000005,0.0,46.67,53.33
CET-Salinas,156.0,0.0,0.0,0.0,0.0,100.0,0.0,0.0,85.9,14.099999999999998
Cerritos College,17437.0,0.0,0.0,0.0,9.31,70.12,6.35,0.31,53.269999999999996,46.73
Cerro Coso Community College,3706.0,0.0,0.0,0.0,37.18,41.199999999999996,8.309999999999999,2.32,50.51,49.49
Chabot College,10067.0,0.0,0.0,0.0,14.85,41.55,8.95,0.16,52.629999999999995,47.370000000000005
Chaffey College,15267.0,0.0,0.0,0.0,15.120000000000001,64.39,7.3,0.16999999999999998,61.82,38.18
Chapman University,7469.0,5.0,60.370000000000005,79.9,50.22,17.62,2.16,0.13,60.370000000000005,39.629999999999995
Charles R Drew University of Medicine and Science,255.0,5.0,63.29,0.0,4.71,35.69,42.75,0.7799999999999999,65.88000000000001,34.12
Concordia University-Irvine,1580.0,5.0,81.38,67.96,45.95,26.39,4.81,0.19,60.25,39.75
San Diego Christian College,438.0,5.0,52.7,47.3,37.44,30.819999999999997,9.59,1.1400000000000001,55.02,44.98
Church Divinity School of the Pacific,0.0,0.0,0.0,0.0,0.0,0.0,0.0,0.0,0.0,0.0
Citrus College,8260.0,0.0,0.0,0.0,15.040000000000001,66.03,3.32,0.25,56.879999999999995,43.120000000000005
Citrus Heights Beauty College,101.0,0.0,0.0,0.0,65.35,16.830000000000002,5.94,1.9800000000000002,98.02,1.9800000000000002
City College of San Francisco,16219.0,0.0,0.0,0.0,20.8,27.1,7.449999999999999,0.24,54.169999999999995,45.83
Claremont Graduate University,0.0,0.0,0.0,0.0,0.0,0.0,0.0,0.0,0.0,0.0
Claremont McKenna College,1414.0,5.0,11.24,92.71000000000001,36.85,15.629999999999999,5.16,0.06999999999999999,50.78,49.220000000000006
Milan Institute-Visalia,430.0,0.0,0.0,0.0,13.719999999999999,79.3,1.63,1.63,94.19,5.81
Clovis Adult Education,340.0,0.0,0.0,0.0,14.41,50.29,7.06,0.88,88.82,11.18
Coastline Community College,5719.0,0.0,0.0,0.0,29.099999999999998,30.72,7.539999999999999,0.61,48.5,51.5
University of Silicon Valley,420.0,2.0,50.64999999999999,43.93,27.860000000000003,23.330000000000002,8.81,0.24,26.19,73.81
Coba Academy,132.0,0.0,0.0,0.0,11.360000000000001,67.42,10.61,0.0,81.06,18.94
Western University of Health Sciences,0.0,0.0,0.0,0.0,0.0,0.0,0.0,0.0,0.0,0.0
Columbia College,1509.0,0.0,0.0,0.0,67.53,22.400000000000002,3.71,1.52,54.74,45.26
Columbia College Hollywood,493.0,0.0,0.0,45.83,40.37,11.97,18.459999999999997,1.4200000000000002,43.2,56.8
Compton College,2635.0,0.0,0.0,0.0,2.09,59.17,28.96,0.27,67.74,32.26
Contra Costa College,4429.0,0.0,0.0,0.0,11.24,45.47,14.95,0.13999999999999999,60.85,39.15
Cosumnes River College,12575.0,0.0,0.0,0.0,23.669999999999998,27.99,8.450000000000001,0.36,58.120000000000005,41.88
Crafton Hills College,4481.0,0.0,0.0,0.0,32.56,51.06,3.26,0.25,55.43,44.57
Cuesta College,6961.0,0.0,0.0,0.0,51.72,32.81,3.2199999999999998,0.4,53.76,46.239999999999995
Cuyamaca College,6473.0,0.0,0.0,0.0,43.91,32.71,3.65,0.43,57.35,42.65
Cypress College,12090.0,0.0,0.0,32.81,13.11,51.44,3.63,0.16,58.879999999999995,41.120000000000005
De Anza College,14706.0,0.0,0.0,0.0,16.64,28.560000000000002,2.71,0.15,50.6,49.4
International School of Beauty Inc,159.0,0.0,0.0,0.0,24.529999999999998,68.55,3.1399999999999997,0.0,73.58,26.419999999999998
Dell'Arte International School of Physical Theatre,13.0,0.0,0.0,0.0,69.23,0.0,0.0,0.0,76.92,23.080000000000002
College of the Desert,8634.0,0.0,0.0,0.0,15.42,74.02,2.4,0.3,59.68,40.32
Design Institute of San Diego,119.0,3.0,100.0,50.0,46.22,24.37,10.92,3.36,89.08,10.92
Diablo Valley College,15326.0,0.0,0.0,0.0,31.979999999999997,27.83,5.59,0.22,52.04,47.96
Dominican University of California,1243.0,5.0,92.93,77.38000000000001,24.54,27.189999999999998,3.8600000000000003,2.17,68.78999999999999,31.209999999999997
Dominican School of Philosophy & Theology,0.0,0.0,0.0,0.0,0.0,0.0,0.0,0.0,0.0,0.0
East Los Angeles College,25649.0,0.0,0.0,0.0,9.41,63.11,6.65,0.19,51.85999999999999,48.14
El Camino Community College District,16764.0,0.0,0.0,0.0,11.98,47.85,12.94,0.16999999999999998,54.37,45.629999999999995
Emperor's College of Traditional Oriental Medicine,0.0,0.0,0.0,0.0,0.0,0.0,0.0,0.0,0.0,0.0
Empire College,0.0,0.0,0.0,58.97,0.0,0.0,0.0,0.0,0.0,0.0
Evergreen Valley College,6746.0,0.0,0.0,0.0,7.489999999999999,44.72,2.34,0.22,55.989999999999995,44.01
FIDM-Fashion Institute of Design & Merchandising,1724.0,2.0,35.97,73.78,32.71,25.0,8.7,1.22,82.48,17.52
Feather River Community College District,1220.0,0.0,0.0,34.410000000000004,36.64,33.28,9.34,2.79,48.36,51.64
Federico Beauty Institute,297.0,0.0,0.0,0.0,32.66,35.02,11.110000000000001,2.02,86.2,13.8
Fielding Graduate University,0.0,0.0,0.0,0.0,0.0,0.0,0.0,0.0,0.0,0.0
Five Branches University,0.0,0.0,0.0,0.0,0.0,0.0,0.0,0.0,0.0,0.0
Redondo Beach Beauty College,58.0,0.0,0.0,0.0,8.62,34.48,8.62,0.0,96.55,3.45
Foothill College,10593.0,0.0,0.0,57.63,28.860000000000003,32.07,3.45,0.22,47.55,52.449999999999996
Franciscan School of Theology,0.0,0.0,0.0,0.0,0.0,0.0,0.0,0.0,0.0,0.0
Fredrick and Charles Beauty College,59.0,0.0,0.0,0.0,55.93,13.56,1.69,18.64,88.14,11.86
Fresno City College,15554.0,0.0,0.0,0.0,18.81,59.47,5.029999999999999,0.5499999999999999,60.77,39.23
Fresno Pacific University,2668.0,5.0,77.86,67.67999999999999,25.490000000000002,58.58,4.72,0.97,72.78999999999999,27.21
Fuller Theological Seminary,0.0,0.0,0.0,0.0,0.0,0.0,0.0,0.0,0.0,0.0
Fullerton College,16287.0,0.0,0.0,0.0,16.34,59.24,2.98,0.16999999999999998,54.35,45.65
Gavilan College,3744.0,0.0,0.0,0.0,24.39,61.809999999999995,2.35,0.21,54.010000000000005,45.989999999999995
Gemological Institute of America-Carlsbad,104.0,0.0,0.0,0.0,53.849999999999994,15.379999999999999,1.92,0.0,54.81,45.190000000000005
Glendale Community College,10107.0,0.0,0.0,0.0,52.56999999999999,28.58,2.54,0.12,56.21000000000001,43.79
Glendale Career College,305.0,0.0,0.0,58.68,24.92,36.39,5.57,0.66,79.67,20.330000000000002
Golden Gate University,679.0,0.0,0.0,0.0,32.84,20.77,20.32,1.6199999999999999,27.839999999999996,72.16
Golden West College,8830.0,0.0,0.0,0.0,25.580000000000002,33.42,2.03,0.16999999999999998,57.330000000000005,42.67
Graduate Theological Union,0.0,0.0,0.0,0.0,0.0,0.0,0.0,0.0,0.0,0.0
Grossmont College,11455.0,0.0,0.0,0.0,34.71,37.6,4.2,0.31,60.440000000000005,39.56
Salon Success Academy-Riverside,116.0,0.0,0.0,0.0,8.62,71.55,9.48,0.86,76.72,23.28
Hartnell College,8635.0,0.0,0.0,0.0,15.110000000000001,65.91,2.87,0.37,51.4,48.6
Harvey Mudd College,905.0,5.0,9.99,94.39,25.86,21.099999999999998,4.53,0.44,49.72,50.28
Hilltop Beauty School,99.0,0.0,0.0,0.0,3.0300000000000002,63.63999999999999,3.0300000000000002,13.13,84.85000000000001,15.15
Holy Names University,592.0,3.0,95.30999999999999,57.98,12.839999999999998,32.43,16.89,0.33999999999999997,66.39,33.61
Pacifica Graduate Institute,0.0,0.0,0.0,0.0,0.0,0.0,0.0,0.0,0.0,0.0
California State Polytechnic University-Humboldt,5336.0,3.0,91.46,47.5,46.81,32.85,3.2800000000000002,1.37,58.379999999999995,41.620000000000005
Humphreys University-Stockton and Modesto Campuses,197.0,0.0,0.0,72.22,20.3,40.61,7.109999999999999,0.0,77.66,22.34
Imperial Valley College,6385.0,0.0,0.0,0.0,4.3999999999999995,90.68,1.25,0.11,58.01,41.99
Institute for Business and Technology,693.0,0.0,0.0,0.0,9.81,65.51,3.32,0.0,27.13,72.87
Interior Designers Institute,110.0,0.0,0.0,60.0,60.0,15.45,1.82,0.91,99.09,0.91
International School of Cosmetology,158.0,0.0,0.0,0.0,31.65,41.77,5.7,8.23,82.28,17.72
Irvine Valley College,9140.0,0.0,0.0,0.0,30.45,25.19,2.01,0.25,48.449999999999996,51.55
Bellus Academy-El Cajon,226.0,0.0,0.0,0.0,30.09,30.53,18.14,1.3299999999999998,96.89999999999999,3.1
American Jewish University,22.0,0.0,0.0,50.0,63.63999999999999,9.09,4.55,0.0,90.91,9.09
Reedley College,3852.0,0.0,0.0,0.0,16.98,73.29,2.96,0.22999999999999998,56.31,43.69
Life Pacific University,419.0,5.0,93.97,51.11,39.379999999999995,39.379999999999995,4.77,1.43,54.65,45.35
University of La Verne,3686.0,5.0,71.94,69.36,17.44,60.69,7.109999999999999,0.35000000000000003,60.34,39.660000000000004
Laguna College of Art and Design,735.0,3.0,83.3,70.37,47.21,23.27,2.31,0.54,73.61,26.39
Lake Tahoe Community College,1830.0,0.0,0.0,0.0,40.82,35.79,6.72,0.9299999999999999,37.38,62.62
Lancaster Beauty School,82.0,0.0,0.0,0.0,29.270000000000003,36.59,28.050000000000004,0.0,78.05,21.95
Laney College,5722.0,0.0,0.0,0.0,20.45,23.82,19.139999999999997,0.24,52.290000000000006,47.71
Lassen Community College,1392.0,0.0,0.0,0.0,40.300000000000004,31.11,13.79,2.01,23.419999999999998,76.58
Latin American Bible Institute,49.0,5.0,36.230000000000004,22.220000000000002,2.04,97.96000000000001,0.0,0.0,55.1,44.9
Life Chiropractic College West,0.0,0.0,0.0,0.0,0.0,0.0,0.0,0.0,0.0,0.0
Lincoln University,168.0,0.0,0.0,72.72999999999999,15.479999999999999,2.3800000000000003,51.790000000000006,0.0,22.02,77.98
Southern California Seminary,46.0,0.0,0.0,0.0,45.65,23.91,21.740000000000002,0.0,34.78,65.22
La Sierra University,1270.0,1.0,66.07,44.9,11.5,45.910000000000004,7.3999999999999995,0.08,58.660000000000004,41.339999999999996
Loma Linda University,980.0,0.0,0.0,0.0,24.8,38.879999999999995,4.08,0.0,73.67,26.33
Long Beach City College,19918.0,0.0,0.0,0.0,14.610000000000001,58.989999999999995,11.08,0.13,57.02,42.980000000000004
Southern California University of Health Sciences,130.0,0.0,0.0,100.0,23.849999999999998,36.919999999999995,13.08,0.0,83.08,16.919999999999998
Los Angeles Harbor College,5487.0,0.0,0.0,0.0,11.72,60.45,9.31,0.13,60.67,39.33
Los Angeles Pierce College,13016.0,0.0,0.0,0.0,27.589999999999996,49.33,4.590000000000001,0.1,56.95,43.05
Los Angeles Southwest College,3539.0,0.0,0.0,0.0,7.180000000000001,43.49,37.81,0.2,69.78999999999999,30.209999999999997
Los Angeles Trade Technical College,7867.0,0.0,0.0,0.0,8.219999999999999,67.23,13.73,0.16999999999999998,46.46,53.54
Los Angeles Valley College,11201.0,0.0,0.0,0.0,29.080000000000002,51.32,5.37,0.11,58.60999999999999,41.39
The Master's University and Seminary,1338.0,2.0,66.97999999999999,71.64,62.78,19.36,2.4699999999999998,1.2,47.760000000000005,52.239999999999995
Los Angeles City College,10494.0,0.0,0.0,0.0,22.61,49.29,8.59,0.16,57.76,42.24
Los Angeles County College of Nursing and Allied Health,180.0,0.0,0.0,0.0,20.560000000000002,42.78,3.8899999999999997,1.11,70.56,29.439999999999998
Los Angeles Mission College,6538.0,0.0,0.0,0.0,11.99,74.82,3.53,0.16999999999999998,61.59,38.41
Los Medanos College,6919.0,0.0,0.0,0.0,21.14,43.29,12.07,0.2,57.64,42.36
Loyola Marymount University,6999.0,5.0,45.82,78.77,42.43,22.830000000000002,7.16,0.04,53.580000000000005,46.42
Lu Ross Academy,272.0,0.0,0.0,0.0,13.600000000000001,79.78,0.0,0.37,80.15,19.85
Lyle's College of Beauty,93.0,0.0,0.0,0.0,33.33,62.370000000000005,1.08,0.0,97.85000000000001,2.15
Lyle's College of  Beauty,103.0,0.0,0.0,0.0,22.33,57.28,5.83,2.91,96.12,3.88
Lytles Redwood Empire Beauty College,76.0,0.0,0.0,0.0,64.47,28.95,1.32,3.95,94.74000000000001,5.26
MTI College,550.0,3.0,95.81,0.0,32.73,31.269999999999996,11.450000000000001,0.73,77.27000000000001,22.73
College of Marin,3584.0,0.0,0.0,0.0,46.37,33.31,3.38,0.27999999999999997,59.77,40.23
Marymount California University,443.0,0.0,0.0,39.45,21.22,46.73,9.030000000000001,0.0,52.14,47.86
Mendocino College,2223.0,0.0,0.0,0.0,46.42,38.24,1.3,4.77,70.67,29.330000000000002
Menlo College,743.0,3.0,69.78,54.97,20.32,31.490000000000002,5.25,0.54,45.629999999999995,54.37
Merced College,7737.0,0.0,0.0,0.0,17.68,62.760000000000005,3.3300000000000005,0.48,61.06,38.940000000000005
Merritt College,4798.0,0.0,0.0,0.0,20.03,28.49,21.7,0.25,67.22,32.78
Mills College,438.0,5.0,79.81,64.03,33.33,34.02,13.01,0.0,99.53999999999999,0.45999999999999996
MiraCosta College,10436.0,0.0,0.0,35.870000000000005,38.79,38.61,3.56,0.49,60.25,39.75
Mission College,4950.0,0.0,0.0,0.0,14.360000000000001,33.52,3.56,0.16,56.08,43.919999999999995
Modern Beauty Academy,81.0,0.0,0.0,0.0,0.0,87.64999999999999,3.6999999999999997,0.0,59.260000000000005,40.739999999999995
Modesto Junior College,12949.0,0.0,0.0,22.56,34.14,53.42,3.18,0.5599999999999999,62.36000000000001,37.64
Moler Barber College,346.0,0.0,0.0,0.0,6.65,39.31,35.55,2.31,42.199999999999996,57.8
Middlebury Institute of International Studies at Monterey,13.0,0.0,0.0,0.0,53.849999999999994,15.379999999999999,0.0,0.0,30.769999999999996,69.23
Monterey Peninsula College,5706.0,0.0,0.0,0.0,33.26,46.9,3.0,0.27999999999999997,55.19,44.81
Moorpark College,11336.0,0.0,0.0,0.0,40.050000000000004,40.47,2.13,0.21,54.300000000000004,45.7
Mt San Antonio College,22907.0,0.0,0.0,0.0,9.36,63.68000000000001,3.5700000000000003,0.16,54.11,45.89
Mount Saint Mary's University,1898.0,3.0,90.12,58.95,9.64,56.74,6.01,0.21,93.67999999999999,6.32
Mt San Jacinto Community College District,12452.0,0.0,0.0,0.0,26.810000000000002,48.5,5.38,0.44999999999999996,59.97,40.03
Musicians Institute,744.0,2.0,78.57,53.559999999999995,26.75,11.16,6.8500000000000005,0.54,27.42,72.58
Napa Valley College,3777.0,0.0,0.0,0.0,24.83,46.92,5.11,0.29,59.86,40.14
National Holistic Institute,1201.0,0.0,0.0,0.0,33.89,23.48,10.489999999999998,1.58,75.85,24.15
National University,7160.0,3.0,54.55,46.67,32.72,30.680000000000003,10.41,0.61,51.790000000000006,48.209999999999994
Naval Postgraduate School,0.0,0.0,0.0,0.0,0.0,0.0,0.0,0.0,0.0,0.0
Newschool of Architecture and Design,301.0,3.0,60.85,53.7,39.2,0.0,7.64,2.9899999999999998,41.199999999999996,58.8
North Adrian's College of Beauty Inc,221.0,0.0,0.0,0.0,35.29,46.150000000000006,10.86,0.0,93.67,6.329999999999999
North-West College-Pomona,190.0,0.0,0.0,0.0,8.95,38.42,6.84,2.63,90.53,9.47
North-West College-West Covina,384.0,0.0,0.0,0.0,32.29,14.84,3.65,3.65,88.02,11.98
North-West College-Van Nuys,171.0,0.0,0.0,0.0,8.77,61.4,9.36,0.58,85.96000000000001,14.04
San Francisco Bay University,6.0,5.0,45.0,26.669999999999998,0.0,0.0,0.0,0.0,50.0,50.0
Notre Dame de Namur University,0.0,0.0,0.0,54.65,0.0,0.0,0.0,0.0,0.0,0.0
Occidental College,1952.0,5.0,38.24,82.91,46.98,15.78,4.5600000000000005,0.0,57.89,42.11
Ohlone College,6929.0,0.0,0.0,0.0,15.2,24.65,3.3300000000000005,0.09,50.839999999999996,49.16
Orange Coast College,15761.0,0.0,0.0,0.0,30.12,33.410000000000004,1.69,0.24,51.65,48.35
Otis College of Art and Design,1191.0,5.0,79.82000000000001,68.58999999999999,22.08,20.07,5.37,0.16999999999999998,69.69,30.31
Oxnard College,5789.0,0.0,0.0,0.0,14.7,73.29,2.02,0.16999999999999998,55.35,44.65
Hope International University,619.0,5.0,39.97,41.959999999999994,34.89,25.040000000000003,8.89,0.97,55.57,44.43
Concorde Career College-San Diego,735.0,3.0,98.79,0.0,6.94,28.16,4.22,0.27,78.36999999999999,21.63
Palo Alto University,64.0,0.0,0.0,0.0,26.56,21.88,3.1300000000000003,0.0,78.13,21.88
Pacific Oaks College,479.0,3.0,13.04,0.0,14.2,57.620000000000005,11.48,0.63,91.02,8.98
Pacific School of Religion,0.0,0.0,0.0,0.0,0.0,0.0,0.0,0.0,0.0,0.0
Pacific States University,2.0,0.0,0.0,75.0,0.0,0.0,0.0,0.0,100.0,0.0
Pacific Union College,799.0,2.0,57.730000000000004,39.6,21.4,31.290000000000003,6.88,0.25,62.580000000000005,37.419999999999995
University of the Pacific,3269.0,5.0,79.3,69.49,20.95,24.5,4.01,0.27999999999999997,52.55,47.449999999999996
Palo Verde College,3734.0,0.0,0.0,0.0,40.68,38.379999999999995,8.76,1.0999999999999999,10.82,89.18
Palomar College,13873.0,0.0,0.0,0.0,36.01,44.97,2.74,0.54,48.52,51.480000000000004
Pasadena City College,19090.0,0.0,0.0,0.0,15.540000000000001,48.58,3.5000000000000004,0.1,54.559999999999995,45.440000000000005
Pepperdine University,3706.0,5.0,52.71,82.95,46.489999999999995,17.54,4.53,0.16,57.66,42.34
Pitzer College,1168.0,3.0,18.310000000000002,88.39,50.09,12.67,4.79,0.6,58.650000000000006,41.349999999999994
Platt College-San Diego,64.0,0.0,0.0,81.82000000000001,34.38,26.56,15.629999999999999,0.0,28.13,71.88
Point Loma Nazarene University,3170.0,5.0,83.66,72.74000000000001,52.68000000000001,26.75,1.8900000000000001,0.32,65.71000000000001,34.29
Pomona College,1747.0,5.0,6.64,92.97999999999999,34.29,16.03,8.82,0.29,54.55,45.45
Porterville College,2725.0,0.0,0.0,0.0,15.120000000000001,77.61,0.9900000000000001,0.66,64.22,35.78
Professional Institute of Beauty,137.0,0.0,0.0,0.0,2.19,75.18,0.0,0.0,96.35000000000001,3.65
Santa Ana College,20846.0,0.0,0.0,27.85,19.82,51.93,1.4500000000000002,0.22,40.03,59.97
Pardee RAND Graduate School,0.0,0.0,0.0,0.0,0.0,0.0,0.0,0.0,0.0,0.0
Shasta School of Cosmetology,116.0,0.0,0.0,0.0,68.97,16.38,3.45,2.59,87.07000000000001,12.93
University of Redlands,2596.0,5.0,82.97,69.41000000000001,37.9,40.489999999999995,4.47,0.8099999999999999,59.17,40.83
College of the Redwoods,2947.0,0.0,0.0,0.0,51.239999999999995,24.57,3.8,3.9699999999999998,53.410000000000004,46.589999999999996
Salon Success Academy-Upland,194.0,0.0,0.0,0.0,19.07,68.04,1.55,0.52,92.27,7.7299999999999995
Salon Success Academy-Corona,187.0,0.0,0.0,0.0,17.65,60.42999999999999,12.3,0.0,98.4,1.6
Rio Hondo College,13960.0,0.0,0.0,24.07,5.52,80.69,1.68,0.16999999999999998,43.830000000000005,56.169999999999995
Riverside City College,15516.0,0.0,0.0,0.0,15.42,65.34,7.1499999999999995,0.21,60.23,39.77
Dongguk University Los Angeles,2.0,0.0,0.0,0.0,0.0,50.0,0.0,0.0,100.0,0.0
Sacramento City College,16654.0,0.0,0.0,0.0,26.790000000000003,31.15,8.59,0.45999999999999996,61.5,38.5
Saddleback College,15431.0,0.0,0.0,0.0,46.129999999999995,28.689999999999998,2.34,0.26,55.74,44.26
Samuel Merritt University,677.0,0.0,0.0,0.0,24.67,21.86,9.6,0.0,79.32000000000001,20.68
San Diego City College,10852.0,0.0,0.0,0.0,25.41,45.25,8.690000000000001,0.37,56.84,43.16
San Diego Mesa College,15217.0,0.0,0.0,30.769999999999996,29.03,39.78,6.12,0.29,56.28999999999999,43.71
San Diego Miramar College,10881.0,0.0,0.0,0.0,34.39,31.900000000000002,4.84,0.3,45.910000000000004,54.09
San Diego State University,30991.0,3.0,37.9,76.14999999999999,34.36,33.68,4.18,0.27,56.879999999999995,43.120000000000005
University of San Diego,5601.0,3.0,52.7,80.02,48.6,23.369999999999997,3.39,0.29,56.15,43.85
San Francisco Art Institute,26.0,0.0,0.0,31.759999999999998,42.309999999999995,23.080000000000002,3.85,3.85,53.849999999999994,46.150000000000006
San Francisco Conservatory of Music,228.0,3.0,46.45,70.59,38.6,10.96,3.51,0.0,40.79,59.209999999999994
San Francisco State University,22563.0,3.0,92.92,53.71,15.68,37.41,5.86,0.16,55.36,44.64
University of San Francisco,5937.0,5.0,70.92,75.61,23.95,20.62,6.550000000000001,0.1,64.53,35.47
San Joaquin College of Law,0.0,0.0,0.0,0.0,0.0,0.0,0.0,0.0,0.0,0.0
San Joaquin Delta College,13242.0,0.0,0.0,0.0,16.74,49.24,6.45,0.26,59.599999999999994,40.400000000000006
San Joaquin Valley College-Visalia,2124.0,0.0,0.0,28.24,21.89,55.410000000000004,7.249999999999999,1.32,73.92,26.08
San Joaquin Valley College-Bakersfield,788.0,0.0,0.0,0.0,19.16,63.71,4.7,1.02,71.7,28.299999999999997
William Jessup University,1195.0,2.0,77.78,60.0,46.78,22.759999999999998,4.9399999999999995,1.26,57.82000000000001,42.18
San Jose City College,6076.0,0.0,0.0,0.0,11.49,48.32,5.28,0.12,59.69,40.31
San Jose State University,28190.0,3.0,84.37,68.78999999999999,13.04,29.909999999999997,3.6700000000000004,0.09,48.89,51.11
College of San Mateo,5553.0,0.0,0.0,0.0,25.119999999999997,32.05,2.88,0.13,50.68,49.32
Santa Barbara Business College-Bakersfield,9.0,0.0,0.0,65.71000000000001,11.110000000000001,66.67,11.110000000000001,0.0,77.78,22.220000000000002
Santa Barbara City College,10570.0,0.0,0.0,0.0,40.88,37.43,2.32,0.31,57.67,42.33
Santa Clara University,5887.0,5.0,53.98,90.86999999999999,42.01,17.95,2.63,0.05,47.32,52.68000000000001
Santa Monica College,21482.0,0.0,0.0,31.91,25.619999999999997,42.1,8.33,0.13,56.82000000000001,43.18
Santa Rosa Junior College,12916.0,0.0,0.0,0.0,41.92,38.93,2.15,0.51,56.56,43.44
Saybrook University,0.0,0.0,0.0,0.0,0.0,0.0,0.0,0.0,0.0,0.0
Scripps College,1091.0,5.0,29.54,82.31,53.99,13.29,3.85,0.0,100.0,0.0
College of the Sequoias,9546.0,0.0,0.0,0.0,18.73,71.07,2.16,0.36,59.199999999999996,40.8
Shasta Bible College and Graduate School,29.0,2.0,100.0,0.0,79.31,17.24,0.0,0.0,44.83,55.169999999999995
Shasta College,5079.0,0.0,0.0,22.220000000000002,62.83,17.919999999999998,2.2399999999999998,1.95,64.5,35.5
Sierra College,12847.0,0.0,0.0,0.0,54.230000000000004,25.31,2.92,0.5700000000000001,55.88999999999999,44.11
Sierra College of Beauty,122.0,0.0,0.0,0.0,18.029999999999998,70.49,2.46,0.0,90.98,9.02
Trinity Law School,0.0,0.0,0.0,0.0,0.0,0.0,0.0,0.0,0.0,0.0
Simpson University,805.0,3.0,66.95,44.78,42.61,20.0,3.73,1.37,57.269999999999996,42.730000000000004
College of the Siskiyous,1049.0,0.0,0.0,0.0,56.43,19.07,4.0,3.15,48.14,51.85999999999999
Charles A Jones Career and Education Center,163.0,0.0,0.0,0.0,25.15,21.47,7.359999999999999,3.6799999999999997,69.33,30.669999999999998
Skyline College,5664.0,0.0,0.0,40.760000000000005,18.82,31.900000000000002,2.58,0.04,54.779999999999994,45.22
San Bernardino Valley College,8578.0,0.0,0.0,0.0,10.92,67.60000000000001,10.66,0.19,61.8,38.2
Saint Mary's College of California,2190.0,3.0,70.08,73.08,39.22,29.409999999999997,4.569999999999999,0.37,58.08,41.92
Solano Community College,6942.0,0.0,0.0,29.970000000000002,24.46,34.4,12.24,0.35000000000000003,58.10999999999999,41.89
Sonoma State University,6560.0,3.0,93.73,59.91,41.65,37.91,2.62,0.43,62.12,37.88
South Baylo University,0.0,0.0,0.0,0.0,0.0,0.0,0.0,0.0,0.0,0.0
South Coast College,272.0,0.0,0.0,0.0,28.68,43.38,4.41,1.47,93.01,6.99
Vanguard University of Southern California,1972.0,5.0,69.01,61.46,33.11,46.5,4.31,0.35000000000000003,68.46,31.540000000000003
Concorde Career College-Garden Grove,734.0,3.0,97.89,0.0,8.450000000000001,42.230000000000004,5.45,0.13999999999999999,71.39,28.610000000000003
Southwestern College,14285.0,0.0,0.0,0.0,8.1,69.69999999999999,4.54,0.22999999999999998,55.82,44.18
Starr King School for the Ministry,0.0,0.0,0.0,0.0,0.0,0.0,0.0,0.0,0.0,0.0
Marshall B Ketchum University,0.0,0.0,0.0,0.0,0.0,0.0,0.0,0.0,0.0,0.0
Southern California Institute of Architecture,252.0,5.0,64.86,74.19,14.680000000000001,12.7,1.59,0.0,39.68,60.31999999999999
University of Southern California,20619.0,5.0,12.509999999999998,92.01,32.29,17.34,5.93,0.13999999999999999,51.629999999999995,48.370000000000005
Southwestern Law School,0.0,0.0,0.0,0.0,0.0,0.0,0.0,0.0,0.0,0.0
Taft College,3208.0,0.0,0.0,0.0,26.369999999999997,62.78,4.05,0.5,46.85,53.15
Claremont School of Theology,0.0,0.0,0.0,0.0,0.0,0.0,0.0,0.0,0.0,0.0
Thomas Aquinas College,497.0,1.0,83.14,85.9,67.0,16.7,0.0,0.0,50.3,49.7
Epic Bible College & Graduate School,88.0,0.0,0.0,50.0,34.089999999999996,18.18,19.32,0.0,47.73,52.27
UEI College-Huntington Park,1108.0,0.0,0.0,0.0,0.09,23.1,4.24,0.44999999999999996,61.73,38.269999999999996
Concorde Career College-San Bernardino,744.0,3.0,99.07000000000001,0.0,12.1,46.51,9.27,0.67,78.36,21.64
Concorde Career College-North Hollywood,714.0,3.0,98.08,0.0,4.760000000000001,47.620000000000005,3.5000000000000004,0.13999999999999999,69.19,30.81
Ventura College,9808.0,0.0,0.0,0.0,22.45,63.77,2.1399999999999997,0.21,58.57,41.43
The Santa Barbara and Ventura Colleges of Law at Ventura,0.0,0.0,0.0,0.0,0.0,0.0,0.0,0.0,0.0,0.0
Bridges Beauty College,94.0,0.0,0.0,0.0,20.21,57.45,9.569999999999999,1.06,85.11,14.89
Victor Valley College,9814.0,0.0,0.0,0.0,18.96,62.760000000000005,9.28,0.22,64.53999999999999,35.46
Berkeley City College,4067.0,0.0,0.0,0.0,23.04,27.83,16.13,0.12,58.32000000000001,41.68
Walden University,7086.0,0.0,0.0,0.0,42.79,8.83,33.71,0.1,84.04,15.959999999999999
Waynes College of Beauty,55.0,0.0,0.0,0.0,1.82,92.73,0.0,1.82,78.18,21.82
West Hills College-Coalinga,1999.0,0.0,0.0,0.0,15.86,69.53,5.6000000000000005,1.15,50.629999999999995,49.370000000000005
West Los Angeles College,7921.0,0.0,0.0,25.64,16.06,47.870000000000005,19.16,0.18,60.9,39.1
West Valley College,5779.0,0.0,0.0,0.0,34.42,32.84,2.6,0.16999999999999998,55.82,44.18
Carrington College-Sacramento,1606.0,0.0,0.0,0.0,24.66,39.73,11.27,2.37,90.85,9.15
Westminster Theological Seminary in California,0.0,0.0,0.0,0.0,0.0,0.0,0.0,0.0,0.0,0.0
Westmont College,1238.0,5.0,78.97,73.45,53.63,20.27,1.7000000000000002,0.24,60.5,39.5
Whittier College,1321.0,5.0,82.49,63.6,20.44,41.86,4.16,0.22999999999999998,56.25,43.75
Woodbury University,937.0,5.0,63.04,59.13,34.47,40.23,5.34,0.53,52.190000000000005,47.81
The Wright Institute,0.0,0.0,0.0,0.0,0.0,0.0,0.0,0.0,0.0,0.0
Thomas Jefferson School of Law,0.0,0.0,0.0,0.0,0.0,0.0,0.0,0.0,0.0,0.0
Yeshiva Ohr Elchonon Chabad West Coast Talmudical Seminary,142.0,3.0,68.60000000000001,25.0,97.89,0.0,0.0,0.0,0.0,100.0
Yuba College,4153.0,0.0,0.0,0.0,29.57,40.77,3.2300000000000004,0.6,63.63999999999999,36.36
The Salon Professional Academy-Grand Junction,53.0,0.0,0.0,0.0,67.92,13.209999999999999,0.0,1.8900000000000001,98.11,1.8900000000000001
Adams State University,1484.0,5.0,99.83,28.7,39.15,36.66,9.43,1.48,43.6,56.39999999999999
Aims Community College,3392.0,0.0,0.0,0.0,49.82,40.21,2.62,0.44,58.10999999999999,41.89
Arapahoe Community College,5274.0,0.0,0.0,28.910000000000004,65.05,18.029999999999998,4.04,0.45999999999999996,60.6,39.4
Bel-Rea Institute of Animal Technology,217.0,3.0,81.27,0.0,59.45,25.81,4.15,0.9199999999999999,85.25,14.75
University of Colorado Denver/Anschutz Medical Campus,11042.0,5.0,72.05,48.04,42.21,25.35,5.8999999999999995,0.33999999999999997,56.52,43.480000000000004
University of Colorado Colorado Springs,9634.0,2.0,95.27,44.14,60.51,20.68,4.55,0.33,54.31,45.69
Spartan College of Aeronautics and Technology,316.0,0.0,0.0,0.0,46.52,18.04,5.06,0.63,12.030000000000001,87.97
University of Colorado Boulder,30414.0,5.0,79.58,74.03999999999999,67.97,13.29,1.63,0.11,45.16,54.84
Colorado Christian University,4995.0,0.0,0.0,58.24,60.96,16.939999999999998,13.71,0.7799999999999999,70.95,29.049999999999997
Colorado College,2235.0,3.0,14.249999999999998,85.74000000000001,65.95,10.83,3.18,0.36,56.55,43.45
Concorde Career College-Aurora,781.0,3.0,82.96,0.0,26.76,33.42,13.700000000000001,1.15,83.99,16.009999999999998
Colorado Mountain College,2740.0,0.0,0.0,27.089999999999996,62.03999999999999,29.959999999999997,0.95,0.44,59.45,40.550000000000004
Colorado Northwestern Community College,562.0,0.0,0.0,0.0,62.46000000000001,23.49,3.02,1.96,64.59,35.410000000000004
Colorado School of Mines,5440.0,5.0,56.879999999999995,83.25,68.95,12.22,1.03,0.38999999999999996,31.580000000000002,68.42
Colorado School of Trades,149.0,3.0,98.15,0.0,71.81,0.67,1.34,2.01,1.34,98.66
Colorado State University-Fort Collins,24344.0,5.0,89.64,69.12,70.78,15.310000000000002,2.23,0.54,54.17999999999999,45.82
Colorado Technical University-Colorado Springs,21009.0,0.0,0.0,22.57,28.38,0.36,19.689999999999998,1.02,66.39,33.61
Community College of Aurora,3613.0,0.0,0.0,0.0,30.0,31.25,22.25,0.42,60.029999999999994,39.97
Technical College of the Rockies,120.0,0.0,0.0,0.0,64.17,30.0,0.83,4.17,61.67,38.33
Community College of Denver,5050.0,0.0,0.0,17.97,35.54,34.849999999999994,12.4,0.77,64.14,35.86
Lincoln College of Technology-Denver,1551.0,0.0,0.0,0.0,41.52,36.230000000000004,5.09,2.8400000000000003,8.450000000000001,91.55
Denver Seminary,0.0,0.0,0.0,0.0,0.0,0.0,0.0,0.0,0.0,0.0
University of Denver,5771.0,5.0,63.629999999999995,75.69,68.60000000000001,13.200000000000001,2.5,0.44999999999999996,55.06999999999999,44.93
Emily Griffith Technical College,5086.0,0.0,0.0,0.0,55.15,31.009999999999998,4.6,1.28,12.15,87.85
Fort Lewis College,3260.0,5.0,92.75,44.06,38.190000000000005,13.28,0.9199999999999999,34.29,53.900000000000006,46.1
Front Range Community College,11436.0,0.0,0.0,25.75,61.46,24.44,2.08,0.7799999999999999,58.650000000000006,41.349999999999994
Iliff School of Theology,0.0,0.0,0.0,0.0,0.0,0.0,0.0,0.0,0.0,0.0
International Salon and Spa Academy,228.0,0.0,0.0,0.0,33.77,26.32,19.3,3.51,80.25999999999999,19.74
Lamar Community College,408.0,0.0,0.0,0.0,51.959999999999994,30.880000000000003,7.35,2.21,60.29,39.71
Colorado Mesa University,7904.0,5.0,80.24,38.09,65.94,21.12,2.26,0.5599999999999999,54.120000000000005,45.879999999999995
Metropolitan State University of Denver,15625.0,5.0,88.82,29.759999999999998,47.55,33.269999999999996,6.7299999999999995,0.44999999999999996,55.26,44.74
Morgan Community College,614.0,0.0,0.0,56.79,47.39,37.13,9.45,0.16,67.92,32.08
Naropa University,317.0,3.0,100.0,34.21,64.67,10.73,1.8900000000000001,0.95,73.5,26.5
Nazarene Bible College,347.0,0.0,0.0,0.0,77.52,9.8,6.05,1.44,52.16,47.839999999999996
Northeastern Junior College,918.0,0.0,0.0,0.0,67.32000000000001,18.95,3.16,0.44,55.010000000000005,44.99
University of Northern Colorado,6683.0,1.0,91.13,51.9,62.19,24.09,4.82,0.33,67.62,32.379999999999995
Otero College,754.0,0.0,0.0,0.0,42.04,34.88,8.75,0.8,57.96,42.04
Pikes Peak State College,9213.0,0.0,0.0,24.279999999999998,55.61000000000001,23.52,7.51,0.66,60.97,39.03
Pueblo Community College,3291.0,0.0,0.0,19.27,49.01,38.769999999999996,3.2800000000000002,2.4299999999999997,69.1,30.9
Red Rocks Community College,4249.0,0.0,0.0,22.09,63.59,21.560000000000002,2.09,0.7799999999999999,49.64,50.36000000000001
Regis University,2616.0,5.0,81.37,62.019999999999996,49.919999999999995,26.450000000000003,4.66,0.42,63.38,36.620000000000005
Rocky Mountain College of Art and Design,1832.0,0.0,0.0,43.419999999999995,59.88,12.61,9.44,1.69,75.98,24.02
Montessori Education Center of the Rockies,5.0,3.0,100.0,77.78,40.0,40.0,0.0,20.0,100.0,0.0
Colorado State University Pueblo,3092.0,5.0,99.17,38.56,46.93,34.22,6.660000000000001,0.7100000000000001,52.78,47.22
Pickens Technical College,609.0,0.0,0.0,0.0,26.44,38.59,18.56,0.16,50.080000000000005,49.919999999999995
Intellitec College-Colorado Springs,672.0,0.0,0.0,0.0,64.14,15.479999999999999,15.920000000000002,1.34,27.83,72.17
Intellitec College-Grand Junction,787.0,0.0,0.0,0.0,38.629999999999995,44.22,4.19,9.66,57.69,42.309999999999995
Trinidad State College,1014.0,0.0,0.0,41.44,36.39,44.080000000000005,8.19,1.58,56.11000000000001,43.89
United States Air Force Academy,4181.0,1.0,12.43,86.09,63.980000000000004,11.360000000000001,6.36,0.12,28.560000000000002,71.44
Empire Beauty School-Thornton,84.0,0.0,0.0,0.0,27.38,42.86,2.3800000000000003,1.1900000000000002,98.81,1.1900000000000002
Western Colorado University,1722.0,5.0,90.86999999999999,47.63,69.74000000000001,10.100000000000001,3.4299999999999997,0.64,40.94,59.06
Albertus Magnus College,1023.0,2.0,81.73,59.150000000000006,33.040000000000006,22.29,28.74,0.29,60.22,39.78
Asnuntuck Community College,953.0,0.0,0.0,0.0,65.9,13.22,12.49,0.1,54.14,45.86
Bais Binyomin Academy,40.0,3.0,74.19,0.0,100.0,0.0,0.0,0.0,0.0,100.0
University of Bridgeport,1733.0,5.0,73.14,44.12,24.18,28.849999999999998,34.22,0.45999999999999996,71.26,28.74
Central Connecticut State University,7616.0,5.0,74.83,54.730000000000004,57.14,17.06,12.8,0.06999999999999999,46.489999999999995,53.510000000000005
Charter Oak State College,1472.0,0.0,0.0,0.0,56.38999999999999,19.36,15.83,0.0,74.92999999999999,25.069999999999997
Cortiva Institute,158.0,0.0,0.0,0.0,36.71,22.78,22.78,0.0,81.01,18.990000000000002
Connecticut College,1811.0,5.0,40.949999999999996,80.96,66.7,10.71,4.53,0.0,59.47,40.53
Porter & Chester Institute of Hamden,318.0,0.0,0.0,0.0,19.81,21.7,37.11,0.31,52.83,47.17
University of Connecticut,18362.0,1.0,55.60000000000001,83.08,52.480000000000004,14.430000000000001,6.92,0.08,52.410000000000004,47.589999999999996
Goodwin University,2901.0,0.0,0.0,38.39,48.64,22.03,21.2,0.27999999999999997,84.73,15.27
Lincoln Technical Institute-East Windsor,1170.0,0.0,0.0,0.0,31.879999999999995,15.21,12.31,0.16999999999999998,7.4399999999999995,92.56
Eastern Connecticut State University,3767.0,2.0,73.2,57.02,63.580000000000005,12.82,9.29,0.13,57.58,42.42
Fairfield University,4548.0,5.0,55.81,83.94,78.52,6.619999999999999,1.5599999999999998,0.04,58.14,41.86
Paul Mitchell the School-North Haven,180.0,0.0,0.0,0.0,39.44,31.11,22.78,0.0,97.78,2.22
Capital Community College,2199.0,0.0,0.0,0.0,19.37,33.2,36.47,0.13999999999999999,75.44,24.560000000000002
Rensselaer at Hartford,0.0,0.0,0.0,0.0,0.0,0.0,0.0,0.0,0.0,0.0
American Institute-West Hartford,406.0,0.0,0.0,0.0,22.17,39.660000000000004,0.0,1.23,92.61,7.39
Hartford International University for Religion and Peace,0.0,0.0,0.0,0.0,0.0,0.0,0.0,0.0,0.0,0.0
University of Hartford,3915.0,5.0,78.79,58.550000000000004,51.7,13.28,17.27,0.43,54.87,45.129999999999995
Holy Apostles College and Seminary,216.0,0.0,0.0,50.0,57.87,13.43,2.31,0.0,51.849999999999994,48.15
Housatonic Community College,3167.0,0.0,0.0,0.0,23.18,38.3,30.15,0.13,64.22,35.78
Manchester Community College,3985.0,0.0,0.0,0.0,45.550000000000004,24.54,17.97,0.22999999999999998,57.21000000000001,42.79
Naugatuck Valley Community College,4297.0,0.0,0.0,0.0,43.7,32.39,10.290000000000001,0.42,61.650000000000006,38.35
Middlesex Community College,1748.0,0.0,0.0,0.0,59.440000000000005,22.08,9.55,0.06,61.1,38.9
Mitchell College,508.0,3.0,77.99000000000001,41.410000000000004,47.64,16.14,12.989999999999998,0.59,42.52,57.48
Three Rivers Community College,2809.0,0.0,0.0,0.0,58.42,19.220000000000002,9.33,0.5,63.05,36.95
Lincoln Technical Institute-New Britain,568.0,0.0,0.0,0.0,32.57,28.349999999999998,25.180000000000003,0.35000000000000003,51.41,48.59
New England Tractor Trailer Training School of Connecticut,323.0,0.0,0.0,0.0,30.34,29.099999999999998,39.01,0.0,11.15,88.85
University of New Haven,4970.0,5.0,94.13,66.10000000000001,58.91,18.790000000000003,10.780000000000001,0.44,56.46,43.54
Norwalk Community College,3557.0,0.0,0.0,0.0,28.310000000000002,43.01,17.599999999999998,0.13999999999999999,58.67,41.33
Northwestern Connecticut Community College,976.0,0.0,0.0,0.0,72.64,16.09,4.2,0.31,66.91,33.09
Paier College,171.0,5.0,96.23,62.5,47.370000000000005,21.05,22.220000000000002,0.58,66.08000000000001,33.92
Porter & Chester Institute,1633.0,0.0,0.0,0.0,32.09,23.27,28.29,0.49,51.62,48.38
Post University,12798.0,0.0,0.0,20.43,39.4,8.799999999999999,30.15,1.03,72.35000000000001,27.650000000000002
Quinebaug Valley Community College,975.0,0.0,0.0,0.0,75.08,14.46,2.46,0.31,62.870000000000005,37.13
Quinnipiac University,6243.0,5.0,88.12,80.01,74.37,9.75,4.16,0.13,62.470000000000006,37.53
Sacred Heart University,6699.0,3.0,66.12,73.49,75.21,12.45,4.08,0.06,67.38,32.62
University of Saint Joseph,895.0,5.0,78.25,56.39999999999999,59.440000000000005,15.75,11.4,0.11,76.87,23.13
Gateway Community College,5194.0,0.0,0.0,0.0,36.120000000000005,30.3,23.14,0.15,63.32,36.68
Southern Connecticut State University,6584.0,3.0,82.93,52.26,49.29,14.14,19.81,0.09,62.36000000000001,37.64
Stone Academy-West Haven,566.0,0.0,0.0,0.0,9.719999999999999,16.25,66.43,0.0,92.58,7.42
Trinity College,2143.0,5.0,37.75,85.15,62.3,9.43,5.970000000000001,0.13999999999999999,49.51,50.49
Tunxis Community College,3019.0,0.0,0.0,0.0,52.300000000000004,27.66,8.08,0.22999999999999998,58.53,41.47
United States Coast Guard Academy,1049.0,5.0,19.28,92.05,61.49,11.73,4.1000000000000005,0.29,40.129999999999995,59.870000000000005
Wesleyan University,3250.0,5.0,19.439999999999998,91.02,55.97,10.549999999999999,5.510000000000001,0.0,56.15,43.85
Western Connecticut State University,4028.0,2.0,84.85000000000001,52.92,54.59,25.0,8.709999999999999,0.27,52.38,47.620000000000005
Yale University,6535.0,5.0,5.3100000000000005,96.92,37.169999999999995,14.87,8.02,0.37,51.43,48.57
Margaret H Rollins School of Nursing at Beebe Medical Center,67.0,0.0,0.0,0.0,70.15,7.46,7.46,0.0,88.06,11.940000000000001
Dawn Career Institute LLC,251.0,0.0,0.0,0.0,25.900000000000002,15.14,49.8,0.0,81.27,18.73
Delaware Technical Community College-Terry,10837.0,0.0,0.0,20.23,46.5,14.67,26.46,0.42,67.77,32.23
Delaware State University,4179.0,2.0,58.84,47.010000000000005,10.07,10.41,71.81,0.12,66.88,33.12
University of Delaware,18707.0,1.0,72.35000000000001,82.28,68.11,9.41,6.25,0.13,58.330000000000005,41.67
Goldey-Beacom College,667.0,2.0,62.88,55.46,35.83,14.84,24.89,0.15,52.92,47.08
Schilling-Douglas School of Hair Design LLC,144.0,0.0,0.0,0.0,28.470000000000002,13.889999999999999,52.78,0.0,92.36,7.64
Wilmington University,7626.0,0.0,0.0,22.830000000000002,51.11,13.61,21.33,0.5599999999999999,64.23,35.77
American University,8158.0,5.0,64.09,78.7,55.38999999999999,11.65,7.779999999999999,0.06,63.260000000000005,36.74
The Catholic University of America,2891.0,3.0,86.00999999999999,73.67,67.10000000000001,14.979999999999999,4.95,0.1,55.97,44.03
University of the District of Columbia,2810.0,0.0,0.0,25.0,4.88,18.29,58.79,0.21,62.67,37.330000000000005
Pontifical Faculty of the Immaculate Conception at the Dominican House of Studies,0.0,0.0,0.0,0.0,0.0,0.0,0.0,0.0,0.0,0.0
Gallaudet University,998.0,1.0,61.69,57.87,43.49,20.44,16.13,1.0,54.31,45.69
George Washington University,10929.0,5.0,49.71,83.66,50.43,12.58,8.17,0.06,63.160000000000004,36.84
Georgetown University,7395.0,1.0,11.98,95.19999999999999,49.99,8.02,5.91,0.11,57.24,42.76
Howard University,8902.0,5.0,35.25,63.580000000000005,0.33,6.47,66.02,1.48,72.17,27.83
Strayer University-District of Columbia,368.0,0.0,0.0,0.0,5.16,7.88,80.97999999999999,0.27,75.82,24.18
National Conservatory of Dramatic Arts,27.0,3.0,100.0,0.0,18.52,14.81,48.15,3.6999999999999997,37.04,62.96000000000001
Trinity Washington University,1383.0,2.0,97.28999999999999,40.550000000000004,2.39,32.97,55.75,0.22,97.98,2.02
Wesley Theological Seminary,0.0,0.0,0.0,0.0,0.0,0.0,0.0,0.0,0.0,0.0
Atlantic Technical College,2543.0,0.0,0.0,0.0,38.14,28.78,28.98,0.59,13.88,86.11999999999999
The Baptist College of Florida,252.0,1.0,100.0,56.410000000000004,78.17,2.78,6.35,0.4,48.809999999999995,51.190000000000005
Barry University,2932.0,2.0,63.690000000000005,40.6,12.41,38.03,38.78,0.24,66.47,33.53
Bethune-Cookman University,2513.0,1.0,99.83999999999999,32.48,1.11,5.09,81.54,0.2,62.36000000000001,37.64
Lynn University,2632.0,5.0,83.00999999999999,50.2,46.35,20.25,10.68,0.3,49.96,50.03999999999999
North Florida Technical College,51.0,0.0,0.0,0.0,56.86,0.0,37.25,0.0,43.14,56.86
Eastern Florida State College,9855.0,0.0,0.0,44.92,61.150000000000006,16.919999999999998,11.12,0.3,60.69,39.31
Broward College,25570.0,0.0,0.0,33.129999999999995,13.48,37.480000000000004,30.830000000000002,0.13999999999999999,59.69,40.31
Albizu University-Miami,178.0,3.0,100.0,0.0,3.37,83.15,1.1199999999999999,0.0,83.15,16.85
College of Central Florida,4334.0,0.0,0.0,45.379999999999995,62.529999999999994,14.95,11.559999999999999,0.5499999999999999,64.44,35.56
Johnson University Florida,148.0,1.0,42.07,28.95,35.809999999999995,27.029999999999998,20.95,0.0,40.54,59.46
University of Central Florida,59710.0,1.0,36.370000000000005,74.94,45.04,29.360000000000003,10.27,0.13,55.03,44.97
Charlotte Technical College,244.0,0.0,0.0,0.0,68.44,13.11,13.52,0.41000000000000003,48.77,51.23
Chipola College,1248.0,0.0,0.0,50.839999999999996,69.95,5.13,16.03,0.8,65.06,34.94
Lorenzo Walker Technical College,740.0,0.0,0.0,0.0,25.14,51.49,19.189999999999998,0.0,55.269999999999996,44.73
Daytona State College,9190.0,0.0,0.0,39.46,55.910000000000004,21.55,13.34,0.13,61.24000000000001,38.76
South University-West Palm Beach,359.0,0.0,0.0,38.1,17.83,24.79,49.03,0.0,86.91,13.089999999999998
Eckerd College,2026.0,3.0,70.38,68.17999999999999,76.21,9.229999999999999,2.71,0.25,69.64,30.36
Florida SouthWestern State College,11309.0,0.0,0.0,39.96,38.0,35.8,13.41,0.27,64.48,35.52
Edward Waters University,1079.0,2.0,80.11,27.6,3.52,3.2399999999999998,85.91,0.27999999999999997,48.38,51.62
Embry-Riddle Aeronautical University-Daytona Beach,6899.0,5.0,72.3,62.2,58.209999999999994,14.29,4.96,0.16999999999999998,24.709999999999997,75.29
Florida Agricultural and Mechanical University,7005.0,1.0,35.29,55.37,2.77,4.75,89.24,0.06999999999999999,66.05,33.95
Florida Atlantic University,23695.0,1.0,78.01,55.45,39.0,28.84,20.14,0.13,58.02,41.980000000000004
Florida State College at Jacksonville,17329.0,0.0,0.0,39.269999999999996,45.129999999999995,11.129999999999999,27.98,0.21,64.52,35.480000000000004
Flagler College,2631.0,5.0,74.03999999999999,57.9,71.8,12.049999999999999,4.4799999999999995,0.19,66.97,33.03
Florida College,528.0,1.0,82.72,53.68000000000001,78.41,7.580000000000001,4.17,0.95,51.33,48.67
Concorde Career Institute-Jacksonville,678.0,3.0,95.39999999999999,0.0,17.26,6.05,33.629999999999995,0.59,88.94,11.06
Concorde Career Institute-Miramar,349.0,3.0,98.17,0.0,3.44,16.619999999999997,19.48,0.29,77.36,22.64
Concorde Career Institute-Tampa,438.0,3.0,93.45,0.0,13.930000000000001,34.93,18.72,0.45999999999999996,88.36,11.64
AdventHealth University,1058.0,3.0,90.27,39.39,33.08,35.160000000000004,15.78,0.19,84.78,15.22
Florida Institute of Technology,3219.0,1.0,65.88000000000001,66.3,54.89000000000001,11.559999999999999,5.34,0.4,29.7,70.3
Florida Institute of Ultrasound Inc,53.0,0.0,0.0,0.0,86.79,0.0,5.66,0.0,92.45,7.55
Florida International University,39936.0,1.0,64.01,67.08,9.180000000000001,67.33,11.700000000000001,0.06,56.64,43.36
The College of the Florida Keys,832.0,0.0,0.0,39.160000000000004,47.96,29.09,11.42,0.36,59.13,40.87
Florida Memorial University,945.0,2.0,56.76,31.96,0.74,8.25,53.33,0.11,48.99,51.01
Florida Career College-Miami,353.0,0.0,0.0,0.0,3.1199999999999997,37.39,20.4,0.27999999999999997,61.760000000000005,38.24
Florida School of Massage,26.0,0.0,0.0,0.0,65.38000000000001,7.6899999999999995,19.23,0.0,65.38000000000001,34.62
Florida Southern College,2741.0,5.0,60.88,67.73,68.15,15.690000000000001,6.38,0.62,63.92,36.08
Florida State University,33368.0,1.0,37.07,83.22,57.879999999999995,23.200000000000003,8.33,0.13999999999999999,57.13,42.870000000000005
University of Florida,34044.0,1.0,30.130000000000003,90.89,50.949999999999996,24.060000000000002,5.21,0.11,56.35,43.65
Fort Pierce Beauty Academy,29.0,0.0,0.0,0.0,41.38,17.24,41.38,0.0,62.07,37.93
Full Sail University,24172.0,0.0,0.0,39.98,37.54,18.16,26.33,0.7000000000000001,30.53,69.47
George Stone Technical College,603.0,0.0,0.0,0.0,65.01,6.140000000000001,20.07,0.66,16.09,83.91
George T Baker Aviation Technical College,890.0,0.0,0.0,0.0,8.649999999999999,77.98,12.47,0.0,6.74,93.26
Gulf Coast State College,3422.0,0.0,0.0,63.470000000000006,68.0,7.7700000000000005,11.540000000000001,0.8200000000000001,66.19,33.81
Key College,23.0,0.0,0.0,0.0,65.22,8.7,26.090000000000003,0.0,100.0,0.0
Hillsborough Community College,19166.0,0.0,0.0,0.0,33.550000000000004,36.730000000000004,17.27,0.22999999999999998,58.57,41.43
Hobe Sound Bible College,157.0,0.0,0.0,35.709999999999994,73.89,5.1,5.7299999999999995,0.64,48.41,51.59
Hollywood Institute of Beauty Careers,324.0,0.0,0.0,0.0,4.32,30.56,57.720000000000006,0.0,91.36,8.64
Cortiva Institute,115.0,0.0,0.0,0.0,42.61,17.39,26.96,0.0,87.83,12.17
Indian River State College,10886.0,0.0,0.0,50.03999999999999,39.58,37.24,15.39,0.16,62.09,37.91
International Academy,186.0,0.0,0.0,0.0,39.78,11.83,46.77,0.54,83.87,16.13
AI Miami International University of Art and Design,857.0,0.0,0.0,35.47,29.049999999999997,33.489999999999995,17.849999999999998,0.22999999999999998,65.46,34.54
Jacksonville University,2627.0,5.0,77.62,47.839999999999996,50.59,13.969999999999999,18.39,0.38,61.06,38.940000000000005
Keiser University-Ft Lauderdale,17516.0,3.0,96.07,67.14,26.279999999999998,30.159999999999997,17.77,0.6799999999999999,72.92999999999999,27.07
La Belle Beauty School,223.0,0.0,0.0,0.0,0.0,100.0,0.0,0.0,97.31,2.69
Florida Gateway College,2065.0,0.0,0.0,64.31,69.64,7.7,19.470000000000002,0.19,68.33,31.669999999999998
Lake Technical College,660.0,0.0,0.0,0.0,62.580000000000005,18.790000000000003,14.7,2.42,42.58,57.42
Lake-Sumter State College,3080.0,0.0,0.0,38.25,51.35999999999999,24.03,11.82,0.7799999999999999,63.05,36.95
Fort Myers Technical College,704.0,0.0,0.0,0.0,49.29,30.819999999999997,17.76,0.27999999999999997,31.53,68.47
Lively Technical College,881.0,0.0,0.0,0.0,39.61,6.02,48.809999999999995,0.22999999999999998,48.69,51.31
Lindsey Hopkins Technical College,619.0,0.0,0.0,0.0,11.15,29.89,57.03,0.65,40.550000000000004,59.45
Loraines Academy & Spa,85.0,0.0,0.0,0.0,41.18,15.290000000000001,37.65,0.0,95.28999999999999,4.71
Luther Rice College & Seminary,201.0,3.0,47.370000000000005,0.0,53.23,2.9899999999999998,37.81,0.5,32.84,67.16
State College of Florida-Manatee-Sarasota,7200.0,0.0,0.0,40.32,55.97,23.330000000000002,9.28,0.51,63.349999999999994,36.65
Manatee Technical College,1044.0,0.0,0.0,0.0,44.73,35.15,11.4,0.1,44.73,55.269999999999996
Traviss Technical College,253.0,0.0,0.0,0.0,41.11,36.36,13.83,0.0,35.57,64.42999999999999
Merryfield School of Pet Grooming,83.0,0.0,0.0,0.0,24.099999999999998,67.47,8.43,0.0,92.77,7.23
Trinity International University-Florida,80.0,0.0,0.0,0.0,41.25,41.25,13.750000000000002,0.0,60.0,40.0
Miami Lakes Educational Center and Technical College,896.0,0.0,0.0,0.0,16.41,40.63,40.510000000000005,0.33,17.75,82.25
Miami Dade College,39727.0,0.0,0.0,34.73,4.26,71.95,14.680000000000001,0.06,58.67,41.33
University of Miami,11928.0,5.0,28.49,83.50999999999999,44.28,24.26,9.13,0.1,53.47,46.53
Orange Technical College-Mid Florida Campus,944.0,0.0,0.0,0.0,44.17,31.990000000000002,18.54,0.53,8.690000000000001,91.31
Paul Mitchell the School-Jacksonville,134.0,0.0,0.0,0.0,70.15,5.970000000000001,17.16,0.0,97.76,2.2399999999999998
North Florida College,807.0,0.0,0.0,60.17,58.489999999999995,6.2,31.1,0.74,74.97,25.03
University of North Florida,13862.0,1.0,77.49000000000001,67.12,60.419999999999995,15.55,10.34,0.22,57.08,42.92
Nova Southeastern University,6578.0,5.0,92.5,60.51,25.89,36.47,14.469999999999999,0.18,72.11999999999999,27.88
Northwest Florida State College,3154.0,0.0,0.0,39.94,63.82,12.94,9.73,0.48,61.260000000000005,38.74
Orange Technical College,139.0,0.0,0.0,0.0,16.55,28.78,48.199999999999996,0.0,87.05000000000001,12.950000000000001
Palm Beach Atlantic University,2274.0,5.0,89.86,60.809999999999995,60.29,15.959999999999999,10.07,0.22,64.64,35.36
Palm Beach State College,20631.0,0.0,0.0,41.8,27.060000000000002,33.78,29.79,0.16,60.23,39.77
Pasco-Hernando State College,7018.0,0.0,0.0,37.57,59.93000000000001,13.66,7.99,0.51,60.74,39.26
Pensacola State College,6792.0,0.0,0.0,36.71,58.26,8.94,20.880000000000003,0.69,67.30000000000001,32.7
Pinellas Technical College-Clearwater,644.0,0.0,0.0,0.0,54.50000000000001,18.790000000000003,17.549999999999997,0.0,40.99,59.01
Polk State College,6946.0,0.0,0.0,33.2,44.87,28.720000000000002,17.29,0.32,66.36999999999999,33.629999999999995
Radford M Locklin Technical College,177.0,0.0,0.0,0.0,81.92,5.65,7.91,0.5599999999999999,24.29,75.71
Saint Vincent de Paul Regional Seminary,0.0,0.0,0.0,0.0,0.0,0.0,0.0,0.0,0.0,0.0
Ridge Technical College,335.0,0.0,0.0,0.0,33.129999999999995,48.06,17.91,0.0,50.449999999999996,49.55
Ringling College of Art and Design,1661.0,3.0,68.73,80.46,44.25,13.43,3.01,0.3,71.76,28.24
Robert Morgan Educational Center and Technical College,435.0,0.0,0.0,0.0,10.11,60.0,26.900000000000002,0.0,47.589999999999996,52.410000000000004
Rollins College,2501.0,2.0,48.69,70.59,56.74,18.87,5.4399999999999995,0.12,59.940000000000005,40.06
First Coast Technical College,379.0,0.0,0.0,0.0,68.07,9.76,17.150000000000002,0.0,53.83,46.17
Saint Leo University,6456.0,5.0,70.66,46.25,30.59,17.77,22.919999999999998,0.51,61.029999999999994,38.97
St Petersburg College,20107.0,0.0,0.0,36.120000000000005,57.34,17.64,13.94,0.3,63.0,37.0
